2026-05-02T09:29:03.492763350+05:00,23081,which
2026-05-02T09:29:03.493368837+05:00,23080,sh
2026-05-02T09:29:03.542665758+05:00,23084,sh
2026-05-02T09:29:03.543170615+05:00,23082,sh
2026-05-02T09:29:03.543545620+05:00,23083,ps
2026-05-02T09:29:03.543677895+05:00,23085,cpuUsage.sh
2026-05-02T09:29:03.592840156+05:00,23089,cat
2026-05-02T09:29:03.592927998+05:00,23090,cat
2026-05-02T09:29:03.593003699+05:00,23091,sleep
2026-05-02T09:29:03.593161166+05:00,23086,sed
2026-05-02T09:29:03.593668470+05:00,23087,cat
2026-05-02T09:29:03.593747383+05:00,23088,cat
2026-05-02T09:29:04.395005134+05:00,23092,git
2026-05-02T09:29:04.595681170+05:00,23094,cat
2026-05-02T09:29:04.596172767+05:00,23096,cat
2026-05-02T09:29:04.596358866+05:00,23100,cat
2026-05-02T09:29:04.596498921+05:00,23093,sed
2026-05-02T09:29:04.596607486+05:00,23098,cat
2026-05-02T09:29:05.751178309+05:00,23104,git
2026-05-02T09:29:05.801126093+05:00,23105,git
2026-05-02T09:29:05.849749261+05:00,23107,git
2026-05-02T09:29:05.850004076+05:00,23106,git
2026-05-02T09:29:07.251542448+05:00,23108,git
2026-05-02T09:29:07.454357464+05:00,23109,git
2026-05-02T09:29:07.455055803+05:00,23112,sh
2026-05-02T09:29:07.456697070+05:00,23110,sh
2026-05-02T09:29:07.457542422+05:00,23111,which
2026-05-02T09:29:07.458981176+05:00,23113,ps
2026-05-02T09:29:07.502075589+05:00,23115,cpuUsage.sh
2026-05-02T09:29:07.503104924+05:00,23121,sleep
2026-05-02T09:29:07.503782484+05:00,23116,sed
2026-05-02T09:29:07.504374442+05:00,23117,cat
2026-05-02T09:29:07.504840298+05:00,23118,cat
2026-05-02T09:29:07.505168430+05:00,23119,cat
2026-05-02T09:29:07.505634334+05:00,23120,cat
2026-05-02T09:29:07.506074983+05:00,23114,sh
2026-05-02T09:29:08.504317506+05:00,23122,sed
2026-05-02T09:29:08.554293042+05:00,23127,cat
2026-05-02T09:29:08.555688083+05:00,23129,cat
2026-05-02T09:29:08.557447076+05:00,23123,cat
2026-05-02T09:29:08.557914759+05:00,23125,cat
2026-05-02T09:29:10.863100691+05:00,23131,git
2026-05-02T09:29:10.916762447+05:00,23132,git
2026-05-02T09:29:10.965726646+05:00,23133,git
2026-05-02T09:29:10.967244785+05:00,23134,git
2026-05-02T09:29:12.465754207+05:00,23137,sh
2026-05-02T09:29:12.466385109+05:00,23138,ps
2026-05-02T09:29:12.469652033+05:00,23136,which
2026-05-02T09:29:12.470195151+05:00,23135,sh
2026-05-02T09:29:12.518754902+05:00,23140,cpuUsage.sh
2026-05-02T09:29:12.518851160+05:00,23142,cat
2026-05-02T09:29:12.518906748+05:00,23143,cat
2026-05-02T09:29:12.518957790+05:00,23144,cat
2026-05-02T09:29:12.519004516+05:00,23146,sleep
2026-05-02T09:29:12.519696098+05:00,23139,sh
2026-05-02T09:29:12.520247374+05:00,23141,sed
2026-05-02T09:29:12.520305995+05:00,23145,cat
2026-05-02T09:29:13.522104883+05:00,23147,sed
2026-05-02T09:29:13.522439696+05:00,23148,cat
2026-05-02T09:29:13.522802872+05:00,23150,cat
2026-05-02T09:29:13.572179699+05:00,23154,cat
2026-05-02T09:29:13.572486089+05:00,23152,cat
2026-05-02T09:29:15.977390722+05:00,23156,git
2026-05-02T09:29:16.030275492+05:00,23158,git
2026-05-02T09:29:16.030436932+05:00,23159,git
2026-05-02T09:29:16.079526413+05:00,23160,git
2026-05-02T09:29:17.460079622+05:00,23163,sh
2026-05-02T09:29:17.461908459+05:00,23162,which
2026-05-02T09:29:17.462392897+05:00,23161,sh
2026-05-02T09:29:17.462566621+05:00,23164,ps
2026-05-02T09:29:17.561971553+05:00,23165,sh
2026-05-02T09:29:17.562307441+05:00,23168,cat
2026-05-02T09:29:17.562692930+05:00,23170,cat
2026-05-02T09:29:17.563271404+05:00,23166,cpuUsage.sh
2026-05-02T09:29:17.563571697+05:00,23167,sed
2026-05-02T09:29:17.563826787+05:00,23169,cat
2026-05-02T09:29:17.564039890+05:00,23171,cat
2026-05-02T09:29:17.612106462+05:00,23172,sleep
2026-05-02T09:29:18.612459505+05:00,23176,cat
2026-05-02T09:29:18.612691838+05:00,23178,cat
2026-05-02T09:29:18.615211956+05:00,23173,sed
2026-05-02T09:29:18.616157353+05:00,23180,cat
2026-05-02T09:29:18.616747671+05:00,23174,cat
2026-05-02T09:29:21.076638552+05:00,23182,git
2026-05-02T09:29:21.123847054+05:00,23183,git
2026-05-02T09:29:21.172059455+05:00,23185,git
2026-05-02T09:29:21.172932270+05:00,23184,git
2026-05-02T09:40:58.362596106+05:00,23962,which
2026-05-02T09:40:58.363693601+05:00,23964,ps
2026-05-02T09:40:58.363948269+05:00,23961,sh
2026-05-02T09:40:58.364085654+05:00,23963,sh
2026-05-02T09:40:58.412024228+05:00,23968,cat
2026-05-02T09:40:58.412133277+05:00,23966,cpuUsage.sh
2026-05-02T09:40:58.412241341+05:00,23972,sleep
2026-05-02T09:40:58.412308513+05:00,23967,sed
2026-05-02T09:40:58.412373127+05:00,23965,sh
2026-05-02T09:40:58.412435645+05:00,23969,cat
2026-05-02T09:40:58.412494316+05:00,23970,cat
2026-05-02T09:40:58.412540678+05:00,23971,cat
2026-05-02T09:40:59.415500935+05:00,23975,sed
2026-05-02T09:40:59.464493421+05:00,23980,cat
2026-05-02T09:40:59.464753071+05:00,23982,cat
2026-05-02T09:40:59.465674096+05:00,23976,cat
2026-05-02T09:40:59.465966519+05:00,23978,cat
2026-05-02T09:41:00.668255421+05:00,23984,git
2026-05-02T09:41:00.668605998+05:00,23985,git
2026-05-02T09:41:00.668682311+05:00,23986,git
2026-05-02T09:41:00.669026688+05:00,23987,git
2026-05-02T09:41:02.021621699+05:00,23989,which
2026-05-02T09:41:02.021934390+05:00,23988,sh
2026-05-02T09:41:02.022239200+05:00,23990,sh
2026-05-02T09:41:02.071551497+05:00,23991,ps
2026-05-02T09:41:02.121820780+05:00,23992,sh
2026-05-02T09:41:02.122026465+05:00,23994,sed
2026-05-02T09:41:02.122156146+05:00,23996,cat
2026-05-02T09:41:02.122250221+05:00,23995,cat
2026-05-02T09:41:02.122311264+05:00,23997,cat
2026-05-02T09:41:02.122361721+05:00,23998,cat
2026-05-02T09:41:02.122477743+05:00,23993,cpuUsage.sh
2026-05-02T09:41:02.122531881+05:00,23999,sleep
2026-05-02T09:41:03.125071109+05:00,24002,cat
2026-05-02T09:41:03.126635425+05:00,24001,sed
2026-05-02T09:41:03.127526598+05:00,24006,cat
2026-05-02T09:41:03.128238727+05:00,24008,cat
2026-05-02T09:41:03.128742778+05:00,24004,cat
2026-05-02T09:41:05.731935296+05:00,24013,git
2026-05-02T09:41:05.732298915+05:00,24011,git
2026-05-02T09:41:05.732783859+05:00,24010,git
2026-05-02T09:41:05.732950807+05:00,24012,git
2026-05-02T09:42:31.308105629+05:00,27212,sh
2026-05-02T09:42:31.309132238+05:00,27214,sh
2026-05-02T09:42:31.309547038+05:00,27213,which
2026-05-02T09:42:31.357754730+05:00,27218,sed
2026-05-02T09:42:31.357892590+05:00,27219,cat
2026-05-02T09:42:31.357979502+05:00,27215,ps
2026-05-02T09:42:31.358063616+05:00,27217,cpuUsage.sh
2026-05-02T09:42:31.358198392+05:00,27216,sh
2026-05-02T09:42:31.408044556+05:00,27222,cat
2026-05-02T09:42:31.408162787+05:00,27220,cat
2026-05-02T09:42:31.408223668+05:00,27223,sleep
2026-05-02T09:42:31.408289937+05:00,27221,cat
2026-05-02T09:42:32.360356170+05:00,27224,sh
2026-05-02T09:42:32.360650432+05:00,27225,which
2026-05-02T09:42:32.360863095+05:00,27227,ps
2026-05-02T09:42:32.361017811+05:00,27226,sh
2026-05-02T09:42:32.410356204+05:00,27233,cat
2026-05-02T09:42:32.410475305+05:00,27228,sed
2026-05-02T09:42:32.410537560+05:00,27239,cpuUsage.sh
2026-05-02T09:42:32.410589044+05:00,27243,cat
2026-05-02T09:42:32.410664044+05:00,27244,cat
2026-05-02T09:42:32.410724869+05:00,27229,cat
2026-05-02T09:42:32.410810939+05:00,27231,cat
2026-05-02T09:42:32.410876833+05:00,27236,cat
2026-05-02T09:42:32.410941029+05:00,27238,sh
2026-05-02T09:42:32.411000794+05:00,27240,sed
2026-05-02T09:42:32.411063737+05:00,27241,cat
2026-05-02T09:42:32.411126931+05:00,27242,cat
2026-05-02T09:42:32.411187002+05:00,27245,sleep
2026-05-02T09:42:33.413881822+05:00,27246,sed
2026-05-02T09:42:33.415812015+05:00,27247,cat
2026-05-02T09:42:33.464052405+05:00,27249,cat
2026-05-02T09:42:33.464258492+05:00,27251,cat
2026-05-02T09:42:33.464439446+05:00,27253,cat
2026-05-02T09:42:34.617134635+05:00,27255,git
2026-05-02T09:42:34.669464184+05:00,27256,git
2026-05-02T09:42:34.670096062+05:00,27257,git
2026-05-02T09:42:34.719603657+05:00,27258,git
2026-05-02T09:42:37.326482584+05:00,27259,sh
2026-05-02T09:42:37.376176163+05:00,27262,sh
2026-05-02T09:42:37.376647461+05:00,27263,ps
2026-05-02T09:42:37.376814062+05:00,27260,which
2026-05-02T09:42:37.426326325+05:00,27270,cat
2026-05-02T09:42:37.426797950+05:00,27265,cpuUsage.sh
2026-05-02T09:42:37.427090492+05:00,27266,sed
2026-05-02T09:42:37.427345394+05:00,27269,cat
2026-05-02T09:42:37.427452405+05:00,27271,sleep
2026-05-02T09:42:37.427778603+05:00,27264,sh
2026-05-02T09:42:37.427965374+05:00,27267,cat
2026-05-02T09:42:37.428330240+05:00,27268,cat
2026-05-02T09:42:38.428279001+05:00,27277,cat
2026-05-02T09:42:38.428575867+05:00,27274,sed
2026-05-02T09:42:38.428745662+05:00,27279,cat
2026-05-02T09:42:38.428961931+05:00,27281,cat
2026-05-02T09:42:38.429140498+05:00,27275,cat
2026-05-02T09:42:39.732059286+05:00,27284,git
2026-05-02T09:42:39.732489677+05:00,27285,git
2026-05-02T09:42:39.732824003+05:00,27286,git
2026-05-02T09:42:39.782877681+05:00,27287,git
2026-05-02T09:42:39.783874567+05:00,27288,git
2026-05-02T09:42:39.982414743+05:00,27289,git
2026-05-02T09:42:42.338886954+05:00,27293,sh
2026-05-02T09:42:42.339013768+05:00,27296,ps
2026-05-02T09:42:42.340127782+05:00,27294,which
2026-05-02T09:42:42.340228920+05:00,27295,sh
2026-05-02T09:42:42.388221133+05:00,27297,sh
2026-05-02T09:42:42.388295559+05:00,27301,cat
2026-05-02T09:42:42.388354300+05:00,27302,cat
2026-05-02T09:42:42.388407669+05:00,27303,cat
2026-05-02T09:42:42.388465204+05:00,27304,sleep
2026-05-02T09:42:42.388912063+05:00,27298,cpuUsage.sh
2026-05-02T09:42:42.388990900+05:00,27299,sed
2026-05-02T09:42:42.389061800+05:00,27300,cat
2026-05-02T09:42:43.392179370+05:00,27305,sed
2026-05-02T09:42:43.392995071+05:00,27306,cat
2026-05-02T09:42:43.442330238+05:00,27308,cat
2026-05-02T09:42:43.442568279+05:00,27310,cat
2026-05-02T09:42:43.442718526+05:00,27312,cat
2026-05-02T09:42:44.795979605+05:00,27314,git
2026-05-02T09:42:44.844990947+05:00,27315,git
2026-05-02T09:42:44.845198996+05:00,27317,git
2026-05-02T09:42:44.895702896+05:00,27318,git
